METHOD,level2n,level1n,ICC,PSmodel,treatment_model,Outcomemodel,Proportion,tau_var,cate.PEHE_train,cate.RBias_train,catevar.Rbias_train,cate.PEHE_test,cate.RBias_train.1,catevar.Rbias_test,ps.MSE_train,ps.corr_train,ps.MSE_test,ps.corr_test,train.ate,test.ate,train.ate.true,test.ate.true
SL1,60,10,0.1,1,1,1,2.197225,0.1,0.0996916968361697,-0.340258034300292,NA,0.0908766862405175,-0.127721411151684,NA,NA,NA,NA,NA,0.57357773545873,0.577615137639609,0.4,0.4
SL1,60,10,0.1,1,1,1,2.197225,0.1,0.0395309247710078,0.279314721608273,NA,0.0324820240291492,0.613855547786799,NA,NA,NA,NA,NA,0.357870693203624,0.367343208172224,0.4,0.4
SL1,60,10,0.1,1,1,1,2.197225,0.47,0.0387291859456191,-0.0680845822007972,NA,0.0311675937201919,0.16545424173916,NA,NA,NA,NA,NA,0.432843508953278,0.424202571578711,0.4,0.4
