METHOD,level2n,level1n,ICC,PSmodel,treatment_model,Outcomemodel,Proportion,tau_var,cate.PEHE_train,cate.RBias_train,catevar.Rbias_train,cate.PEHE_test,cate.RBias_train.1,catevar.Rbias_test,ps.MSE_train,ps.corr_train,ps.MSE_test,ps.corr_test,train.ate,test.ate,train.ate.true,test.ate.true
SL3,60,10,0.1,1,1,1,2.197225,0.1,0.108952544054521,-0.407520743068088,NA,0.105161221564901,-0.315794319178044,NA,NA,NA,NA,NA,0.648848018789919,0.652103532181671,0.4,0.4
SL3,60,10,0.1,1,1,1,2.197225,0.1,0.0322858726165915,-0.10983594714679,NA,0.029620527331564,0.018874271525543,NA,NA,NA,NA,NA,0.447002829125296,0.457052144533124,0.4,0.4
SL3,60,10,0.1,1,1,1,2.197225,0.47,0.0316668243340547,-0.190215566844145,NA,0.0261859203164159,-0.0865370291357337,NA,NA,NA,NA,NA,0.493464236636449,0.485606324616984,0.4,0.4
