METHOD,level2n,level1n,ICC,PSmodel,treatment_model,Outcomemodel,Proportion,tau_var,cate.PEHE_train,cate.RBias_train,catevar.Rbias_train,cate.PEHE_test,cate.RBias_train.1,catevar.Rbias_test,ps.MSE_train,ps.corr_train,ps.MSE_test,ps.corr_test,train.ate,test.ate,train.ate.true,test.ate.true
TL1,60,10,0.1,1,1,1,2.197225,0.1,0.293191033411597,-0.607069511829534,NA,0.289020610929995,-0.342380617927106,NA,NA,NA,NA,NA,0.794405620753171,0.812891155202421,0.4,0.4
TL1,60,10,0.1,1,1,1,2.197225,0.1,0.142298531027474,-0.243987862295407,NA,0.133145632748093,0.105452658046688,NA,NA,NA,NA,NA,0.550934997292928,0.578156746553675,0.4,0.4
TL1,60,10,0.1,1,1,1,2.197225,0.47,0.149765727553341,-0.62688545187885,NA,0.122894746521877,0.02332800601119,NA,NA,NA,NA,NA,0.608620494407126,0.590415922267081,0.4,0.4
