METHOD,level2n,level1n,ICC,PSmodel,treatment_model,Outcomemodel,Proportion,tau_var,cate.PEHE_train,cate.RBias_train,catevar.Rbias_train,cate.PEHE_test,cate.RBias_train.1,catevar.Rbias_test,ps.MSE_train,ps.corr_train,ps.MSE_test,ps.corr_test,train.ate,test.ate,train.ate.true,test.ate.true
TL2,60,10,0.1,1,1,1,2.197225,0.1,0.349085263671451,-0.885363266430616,NA,0.355123921869251,-0.0157490974027151,NA,NA,NA,NA,NA,0.805213442143894,0.819771516279026,0.4,0.4
TL2,60,10,0.1,1,1,1,2.197225,0.1,0.247702711146548,-0.0156914155671538,NA,0.264662192727892,0.107538374938515,NA,NA,NA,NA,NA,0.580840106741454,0.631957758204464,0.4,0.4
TL2,60,10,0.1,1,1,1,2.197225,0.47,0.283021595550379,0.377306174876134,NA,0.207624143724032,0.57904854823835,NA,NA,NA,NA,NA,0.604209122970401,0.545893657971431,0.4,0.4
