METHOD,level2n,level1n,ICC,PSmodel,treatment_model,Outcomemodel,Proportion,tau_var,cate.PEHE_train,cate.RBias_train,catevar.Rbias_train,cate.PEHE_test,cate.RBias_train.1,catevar.Rbias_test,ps.MSE_train,ps.corr_train,ps.MSE_test,ps.corr_test,train.ate,test.ate,train.ate.true,test.ate.true
TL3,60,10,0.1,1,1,1,2.197225,0.1,0.312027247171489,-1.75537403980058,NA,0.307575064497587,0.874705017414925,NA,NA,NA,NA,NA,0.796290981317525,0.815281645178977,0.4,0.4
TL3,60,10,0.1,1,1,1,2.197225,0.1,0.170955622406389,0.503763791502152,NA,0.168154372056725,-0.402611281724319,NA,NA,NA,NA,NA,0.567499215273892,0.601782847628008,0.4,0.4
TL3,60,10,0.1,1,1,1,2.197225,0.47,0.170421073165596,-0.593317679164221,NA,0.135492672774563,-1.73893554331134,NA,NA,NA,NA,NA,0.60712105600089,0.583175050031716,0.4,0.4
