METHOD,level2n,level1n,ICC,PSmodel,treatment_model,Outcomemodel,Proportion,tau_var,cate.PEHE_train,cate.RBias_train,catevar.Rbias_train,cate.PEHE_test,cate.RBias_train.1,catevar.Rbias_test,ps.MSE_train,ps.corr_train,ps.MSE_test,ps.corr_test,train.ate,test.ate,train.ate.true,test.ate.true
XL1,60,10,0.1,1,1,1,2.197225,0.1,0.0335182781094064,-0.229804604510312,NA,0.0120174988404695,-0.0742168416937657,NA,0.0166171546367506,-888,0.0113168648031217,-888,0.500176325245994,0.453503170186739,0.4,0.4
XL1,60,10,0.1,1,1,1,2.197225,0.1,0.0306224059183426,-0.0488359907921404,NA,0.0198423174781263,-0.150341904345937,NA,0.0150254872198741,-888,0.010730097658856,-888,0.425697160413684,0.495561099096351,0.4,0.4
XL1,60,10,0.1,1,1,1,2.197225,0.47,0.0309865090157584,-0.13893762116724,NA,0.0251124415007563,-0.163583627355061,NA,0.0167375979558944,-888,0.0134324420531164,-888,0.471081254952166,0.508399997238199,0.4,0.4
