METHOD,level2n,level1n,ICC,PSmodel,treatment_model,Outcomemodel,Proportion,tau_var,cate.PEHE_train,cate.RBias_train,catevar.Rbias_train,cate.PEHE_test,cate.RBias_train.1,catevar.Rbias_test,ps.MSE_train,ps.corr_train,ps.MSE_test,ps.corr_test,train.ate,test.ate,train.ate.true,test.ate.true
XL2,60,10,0.1,1,1,1,2.197225,0.1,0.0489414606838999,-0.242001148003071,NA,0.00875195776417586,-0.102040183884726,NA,0.00656056533660493,-888,0.00717168787144585,-888,0.509725295138074,0.45790134946365,0.4,0.4
XL2,60,10,0.1,1,1,1,2.197225,0.1,0.040767154156906,-0.0546906615437803,NA,0.0124046239689818,-0.174968401133227,NA,0.00437720506311081,-888,0.00382607093180507,-888,0.428442744978579,0.492892765185884,0.4,0.4
