METHOD,level2n,level1n,ICC,PSmodel,treatment_model,Outcomemodel,Proportion,tau_var,cate.PEHE_train,cate.RBias_train,catevar.Rbias_train,cate.PEHE_test,cate.RBias_train.1,catevar.Rbias_test,ps.MSE_train,ps.corr_train,ps.MSE_test,ps.corr_test,train.ate,test.ate,train.ate.true,test.ate.true
XL3,60,10,0.1,1,1,1,2.197225,0.1,0.0353953587631981,-0.232651772472808,NA,0.00862375560344484,-0.096946276691617,NA,0.00694064192449771,-888,0.00746805765913509,-888,0.504469185717917,0.455778489721549,0.4,0.4
XL3,60,10,0.1,1,1,1,2.197225,0.1,0.0300093316453338,-0.0389238672268027,NA,0.012579740373173,-0.177236763506245,NA,0.00418440865401891,-888,0.00376066739133534,-888,0.420216904440641,0.494095364909188,0.4,0.4
